<?xml version="1.0" encoding="UTF-8"?>

<beans xmlns="http://www.springframework.org/schema/beans"
xmlns:security="http://www.springframework.org/schema/security"
xmlns:xsi="http://www.w3.org/2001/XMLSchema-instance"
xsi:schemaLocation="http://www.springframework.org/schema/beans http://www.springframework.org/schema/beans/spring-beans-3.1.xsd
http://www.springframework.org/schema/security http://www.springframework.org/schema/security/spring-security-3.1.xsd">

	<bean id="javaTunesCatalog" class="com.javatunes.catalog.JavaTunesCatalog">
		<constructor-arg ref="inMemoryItemDAO"/>
	   <property name="maxSearchResults" value="20"/>
	</bean>

   <security:http auto-config="true">
     <security:intercept-url pattern="/**" access="ROLE_USER" />
   </security:http>

  <security:authentication-manager>
    <security:authentication-provider>
      <security:user-service>
        <security:user name="jane" password="password" authorities="ROLE_ADMIN" />
        <security:user name="john" password="password" authorities="ROLE_USER" />
      </security:user-service>
    </security:authentication-provider>
  </security:authentication-manager>
  <!-- 
  <security:global-method-security secured-annotations="enabled" jsr250-annotations="enabled"/>  
 -->
   <security:global-method-security>
    <security:protect-pointcut expression="execution(* com.javatunes.catalog.Catalog.*(..))" access="ROLE_ADMIN"/>
  </security:global-method-security>  
</beans>