<?xml version="1.0" encoding="UTF-8"?>

<beans xmlns="http://www.springframework.org/schema/beans"
xmlns:tx="http://www.springframework.org/schema/tx"
xmlns:context="http://www.springframework.org/schema/context"
xmlns:xsi="http://www.w3.org/2001/XMLSchema-instance"
xsi:schemaLocation="http://www.springframework.org/schema/beans http://www.springframework.org/schema/beans/spring-beans-3.1.xsd
http://www.springframework.org/schema/tx http://www.springframework.org/schema/tx/spring-tx-3.1.xsd
http://www.springframework.org/schema/context http://www.springframework.org/schema/context/spring-context-3.1.xsd">

	<!-- TODO: add in annotation-driven element for transactions - in this case using AspectJ LTW -->
	<tx:annotation-driven transaction-manager="transactionManager" mode="aspectj"/>
	
    <!-- this switches on the load-time weaving -->
    <context:load-time-weaver aspectj-weaving="on"/>	
	
	<bean id="javatunesDataSource" 
      class="org.springframework.jdbc.datasource.DriverManagerDataSource">
	  <property name="driverClassName"
				value="org.apache.derby.jdbc.ClientDriver"/>
	  <property name="url"
				value="jdbc:derby://localhost:1527/JavaTunesDB"/>
	  <property name="username" value="guest"/>
	  <property name="password" value="password"/>
	</bean>
	
	<!-- Declaration of JdbcItemDAO bean called jdbcItemDAO, with injected datasource -->
	<bean id="jdbcItemDAO" class="com.javatunes.catalog.jdbc.JdbcItemDAO">
	    <property name="dataSource" ref="javatunesDataSource"/>
	</bean>

    <!-- Utility bean for testing transactions -->
	<bean id="testTx" class="com.javatunes.catalog.tx.TestTxImpl">
	    <property name="dao" ref="jdbcItemDAO"/>
	</bean>

	<!-- TODO: Add in the transaction manager bean -->
    <bean id="transactionManager" class="org.springframework.jdbc.datasource.DataSourceTransactionManager">
      <property name="dataSource" ref="javatunesDataSource"/>
    </bean>
	
</beans>