<?xml version="1.0" encoding="UTF-8"?>

<beans xmlns="http://www.springframework.org/schema/beans"
xmlns:xsi="http://www.w3.org/2001/XMLSchema-instance"
xmlns:aop="http://www.springframework.org/schema/aop"
xsi:schemaLocation="http://www.springframework.org/schema/beans http://www.springframework.org/schema/beans/spring-beans-3.1.xsd http://www.springframework.org/schema/aop http://www.springframework.org/schema/aop/spring-aop-3.1.xsd">

	
	<bean id="teachSupport" class="com.javatunes.teach.TeachingSupport"/>
	
	<bean id="springBook" class="com.javatunes.teach.SpringCourseBook"/>
	
	<bean id="springGuru" class="com.javatunes.teach.JavaInstructor">
	   <property name="info" ref="springBook"/>
	</bean>

	<aop:config>
	   <aop:pointcut id="anyTeach"
	      expression="execution(* teach(..))"/>
	   <aop:pointcut id="inInfoSource"
	      expression="execution(* com.javatunes.teach.InfoSource.getData(..))"/>

	   <aop:aspect id="teachAspect" ref="teachSupport">
	      <aop:before pointcut-ref="anyTeach" method="setupDisplayProjector"/>
		  <aop:around  pointcut-ref="anyTeach" method="helpTeach"/>
		  <aop:after-returning  pointcut-ref="inInfoSource" method="checkData" returning="retVal"/>
	   </aop:aspect>
	</aop:config>

</beans>