<?xml version="1.0" encoding="UTF-8"?>

<beans xmlns="http://www.springframework.org/schema/beans"
xmlns:xsi="http://www.w3.org/2001/XMLSchema-instance"
xmlns:context="http://www.springframework.org/schema/context"
xsi:schemaLocation="http://www.springframework.org/schema/beans http://www.springframework.org/schema/beans/spring-beans-3.1.xsd 
http://www.springframework.org/schema/context http://www.springframework.org/schema/context/spring-context-3.1.xsd">

	<context:annotation-config/>

	<bean id="javatunesDataSource" 
	      class="org.springframework.jdbc.datasource.DriverManagerDataSource">
		  <property name="driverClassName"
					value="org.apache.derby.jdbc.ClientDriver"/>
		  <property name="url"
					value="jdbc:derby://localhost:1527/JavaTunesDB"/>
		  <property name="username" value="guest"/>
		  <property name="password" value="password"/>
	</bean>
	
    <bean id="vendorAdapter" class="org.springframework.orm.jpa.vendor.HibernateJpaVendorAdapter">
       <property name="databasePlatform" value="org.hibernate.dialect.DerbyDialect"/>
       <property name="showSql" value="true"/>
       <property name="generateDdl" value="false"/>
    </bean> 	

    <bean id="javatunesEmf" class="org.springframework.orm.jpa.LocalContainerEntityManagerFactoryBean">   
      <property name="dataSource" ref="javatunesDataSource"/> 
      <property name="persistenceUnitName" value="javatunes"/>
      <property name="jpaVendorAdapter" ref="vendorAdapter"/>
    </bean>

    <bean id="jpaItemDAO" class="com.javatunes.catalog.persist.JpaItemDAO">
    </bean>
    
	<bean id="javaTunesCatalog" class="com.javatunes.catalog.JavaTunesCatalog" >
		<constructor-arg ref="jpaItemDAO"/>
	</bean>	    
    
</beans>